﻿{"1918012":{"ItemID":1918012,"LastClickServerTime":0,"Jump":"game://?module=1002502&Tab1=2&itemId=0","Duration":60,"StartTime":1700445600,"Cdn":"https://www.pubgmobile.com/pictures/A4/FAECED3D504B3A6193C239A67D3B29CA_SPECIAL.png","FromType":3,"EndTime":1705190399},"1102004021":{"ItemID":1102004021,"LastClickServerTime":0,"Jump":"game://?module=1002502&Tab1=1&itemId=1102004021","Duration":60,"StartTime":1700100000,"Cdn":"https://www.pubgmobile.com/pictures/A4/9BD38B77C15329F7CA65BFA9DC37857F_LV85.png","FromType":3,"EndTime":1702512000},"1104004022":{"ItemID":1104004022,"LastClickServerTime":0,"Jump":"game://?module=1002502&Tab1=1&itemId=1104004022","Duration":60,"StartTime":1699927200,"Cdn":"https://www.pubgmobile.com/pictures/A4/5E1DC57761FBFAE1778458C5187CA3CF_LV50.png","FromType":3,"EndTime":1702512000},"HaveShowBubbleNum":1,"1983001":{"ItemID":1983001,"LastClickServerTime":0,"Jump":"game://?module=1002502&Tab1=1&itemId=1983001","Duration":60,"StartTime":1700272800,"Cdn":"https://www.pubgmobile.com/pictures/A4/AF598CBC75F1F1D09D752289FE6DFA3E_LV70.png","FromType":3,"EndTime":1702512000},"1407109":{"ItemID":1407109,"LastClickServerTime":0,"Jump":"game://?module=1002502&Tab1=1&itemId=1407109","Duration":60,"StartTime":1699927200,"Cdn":"https://www.pubgmobile.com/pictures/A4/EF1FF08CA2C5E94F820CBA6A3E15E0AE_LV100.png","FromType":3,"EndTime":1705104000},"1105001057":{"ItemID":1105001057,"LastClickServerTime":0,"Jump":"game://?module=1002502&Tab1=1&itemId=1105001057","Duration":60,"StartTime":1699927200,"Cdn":"https://www.pubgmobile.com/pictures/A4/7C029CBFA48ED436254296D052EAE0F8_LV90.png","FromType":3,"EndTime":1702512000},"LoginTime":1701869578,"1107001019":{"ItemID":1107001019,"LastClickServerTime":0,"Jump":"game://?module=1002502&Tab1=1&itemId=1107001019","Duration":60,"StartTime":1699927200,"Cdn":"https://www.pubgmobile.com/pictures/A4/8545C6FF6CECAE83B6EA4B3EA96A18CF_LV10.png","FromType":3,"EndTime":1702512000},"1405994":{"ItemID":1405994,"LastClickServerTime":0,"Jump":"game://?module=1002502&Tab1=2&itemId=0","Duration":60,"StartTime":1700445600,"Cdn":"https://www.pubgmobile.com/pictures/A4/4F3A31A77F2BFF34B619E529A981801F_BOX.png","FromType":3,"EndTime":1705190399},"1407112":{"ItemID":1407112,"LastClickServerTime":0,"Jump":"game://?module=1002502&Tab1=1&itemId=1407112","Duration":60,"StartTime":1699927200,"Cdn":"https://www.pubgmobile.com/pictures/A4/C55C69C153661C836BD7081974623F84_LV40.png","FromType":3,"EndTime":1702512000}}